0,0,0
0.0005,0,0
0.001,50.8834384436359,0.358513838671559
0.0015,100.513957760339,0.930692230565934
0.002,147.669489850282,2.02436863205081
0.0025,191.188909013173,3.4454247516234
0.003,230.000622716548,5.1229296743898
0.0035,263.148957760339,6.98306198634115
0.004,289.81769212275,8.9506012734497
0.0045,309.350153055325,10.9504851498802
0.005,321.26538654538,12.9093905149008
0.0055,325.27,14.757297423612
0.006,321.26538654538,16.4289946399654
0.0065,309.350153055325,17.8654876074474
0.007,289.81769212275,19.0152721845322
0.0075,263.148957760339,19.8354409863453
0.008,230.000622716548,20.2925934667848
0.0085,191.188909013173,20.3635258626267
0.009,147.669489850282,20.0356826816502
0.0095,100.513957760339,19.3073574150371
0.01,50.8834384436359,18.1876364438101
0.0105,3.9834086435866e-14,4.71320414315588e-09
0.011,-50.883438443636,-15.5199365985939
0.0115,-100.513957760339,-14.6657044015126
0.012,-147.669489850282,-14.4507938139983
0.0125,-191.188909013173,-14.6879370180705
0.013,-230.000622716548,-15.2943249243374
0.0135,-263.148957760339,-16.1853896232643
0.014,-289.81769212275,-17.2761880648998
0.0145,-309.350153055325,-18.4828615400801
0.015,-321.26538654538,-19.7241286840079
0.0155,-325.27,-20.9227695018818
0.016,-321.26538654538,-22.0070586839619
0.0165,-309.350153055325,-22.9121082206866
0.017,-289.81769212275,-23.5810820092319
0.0175,-263.148957760339,-23.9662486997168
0.018,-230.000622716548,-24.0298433785831
0.0185,-191.188909013173,-23.7447137250909
0.019,-147.669489850282,-23.0947318836466
0.0195,-100.513957760339,-22.0749593347539
0.02,-50.883438443636,-20.6915583747531
0.0205,-7.96681728717319e-14,5.23266139722658e-09
0.021,50.8834384436361,17.5770735977218
0.0215,100.513957760339,16.529302703254
0.022,147.669489850283,16.1368399969121
0.0225,191.188909013173,16.2133471491185
0.023,230.000622716548,16.6744034123182
0.0235,263.148957760339,17.4339827676445
0.024,289.81769212275,18.4058229754616
0.0245,309.350153055325,19.5048718211613
0.025,321.26538654538,20.6487681443244
0.0255,325.27,21.7593150307785
0.026,321.26538654538,22.7639033262495
0.0265,309.350153055324,23.5968453838806
0.027,289.81769212275,24.200581648045
0.0275,263.148957760339,24.5267262421623
0.028,230.000622716548,24.5369220852226
0.0285,191.188909013173,24.2034811070772
0.029,147.669489850282,23.5097907456031
0.0295,100.513957760339,22.4504739546017
0.03,50.8834384436357,21.0312962838102
0.0305,1.19502259307598e-13,5.51852624150856e-09
0.031,-50.8834384436361,-17.856190695846
0.0315,-100.513957760339,-16.7821600248816
0.032,-147.669489850283,-16.3656066386524
0.0325,-191.188909013173,-16.4203183224445
0.033,-230.000622716548,-16.8616556551035
0.0335,-263.148957760339,-17.6033947780199
0.034,-289.81769212275,-18.5590944607509
0.0345,-309.350153055325,-19.6435405510104
0.035,-321.26538654538,-20.7742253791141
0.0355,-325.27,-21.8728194801172
0.036,-321.26538654538,-22.866593777588
0.0365,-309.350153055324,-23.689752127954
0.037,-289.817692122751,-24.2846368157705
0.0375,-263.148957760339,-24.6027731567043
0.038,-230.000622716548,-24.6057237230524
0.0385,-191.188909013173,-24.2657277529177
0.039,-147.669489850282,-23.5661069180591
0.0395,-100.513957760339,-22.501424671961
0.04,-50.8834384436358,-21.077392732878
0.0405,-1.59336345743464e-13,5.2514517781054e-09
0.041,50.883438443636,17.8940619685918
0.0415,100.51395776034,16.8164683077299
0.042,147.669489850283,16.3966462390825
0.0425,191.188909013173,16.4484006597699
0.043,230.000622716548,16.8870624785813
0.0435,263.148957760339,17.626380993642
0.044,289.817692122751,18.5798906887143
0.0445,309.350153055325,19.6623554395259
0.045,321.26538654538,20.7912476977684
0.0455,325.27,21.8882200137887
0.046,321.26538654538,22.8805270399214
0.0465,309.350153055325,23.7023579115824
0.047,289.81769212275,24.29604159484
0.0475,263.148957760339,24.6130913557724
0.048,230.000622716548,24.6150588650916
0.0485,191.188909013172,24.2741734979424
0.049,147.669489850282,23.5737480027967
0.0495,100.513957760339,22.5083377599957
0.05,50.8834384436358,21.0836471837971
0.0505,-3.7862515697239e-13,5.03375790200003e-09
0.051,-50.883438443636,-17.8992004127333
0.0515,-100.513957760339,-16.8211233197139
0.052,-147.669489850283,-16.4008577518055
0.0525,-191.188909013173,-16.4522109276241
0.053,-230.000622716548,-16.8905097301725
0.0535,-263.148957760339,-17.6294998153294
0.054,-289.81769212275,-18.5827123716114
0.0545,-309.350153055325,-19.6649082934428
0.055,-321.26538654538,-20.7935573352447
0.0555,-325.27,-21.8903096070692
0.056,-321.26538654538,-22.8824175534497
0.0565,-309.350153055325,-23.7040683123467
0.057,-289.81769212275,-24.2975890426811
0.0575,-263.148957760339,-24.6144913755617
0.058,-230.000622716548,-24.6163255025079
0.0585,-191.188909013173,-24.2753194604089
0.059,-147.669489850282,-23.5747847869922
0.0595,-100.513957760339,-22.5092757672186
0.06,-50.8834384436353,-21.0844958243397
0.0605,-2.39004518615196e-13,5.17359619596885e-09
0.061,50.8834384436359,17.8998976266538
0.0615,100.513957760339,16.8217549378559
0.062,147.669489850282,16.4014291917819
0.0625,191.188909013173,16.4527279223119
0.063,230.000622716548,16.8909774663052
0.0635,263.148957760339,17.6299229855423
0.064,289.817692122751,18.5830952215265
0.0645,309.350153055324,19.6652546642654
0.065,321.26538654538,20.7938707023008
0.0655,325.27,21.8905931146682
0.066,321.26538654538,22.8826740464237
0.0665,309.350153055324,23.7043003645829
0.067,289.81769212275,24.2977989829331
0.0675,263.148957760339,24.6146813107995
0.068,230.000622716548,24.6164973390415
0.0685,191.188909013172,24.2754749229971
0.069,147.669489850282,23.574925436129
0.0695,100.513957760339,22.5094030147716
0.07,50.8834384436353,21.084610947697
0.0705,-8.76752573252377e-13,4.53587422674822e-09
0.071,-50.883438443637,-17.8999922083524
0.0715,-100.513957760339,-16.8218406219572
0.072,-147.669489850283,-16.401506713935
0.0725,-191.188909013173,-16.4527980606632
0.073,-230.000622716548,-16.8910409248142
0.0735,-263.148957760339,-17.6299804010381
0.074,-289.81769212275,-18.5831471700928
0.0745,-309.350153055324,-19.6653016670199
0.075,-321.26538654538,-20.7939132306257
0.0755,-325.27,-21.8906315949439
0.076,-321.265386545381,-22.8827088643147
0.0765,-309.350153055325,-23.7043318689168
0.077,-289.81769212275,-24.2978274892128
0.0775,-263.148957760339,-24.614707104383
0.078,-230.000622716548,-24.6165206780207
0.0785,-191.188909013173,-24.2754960408044
0.079,-147.669489850282,-23.5749445438971
0.0795,-100.513957760339,-22.5094203034702
0.08,-50.8834384436353,-21.0846265900669
0.0805,-3.18672691486928e-13,5.09395701122133e-09
0.081,50.8834384436359,17.9000050593063
0.0815,100.513957760339,16.8218522630624
0.082,147.669489850283,16.401517244432
0.0825,191.188909013173,16.4528075858371
0.083,230.000622716548,16.8910495399696
0.0835,263.148957760339,17.6299881924613
0.084,289.817692122751,18.5831542159219
0.0845,309.350153055325,19.665308038029
0.085,321.265386545381,20.793918990933
0.0855,325.27,21.8906368026504
0.086,321.26538654538,22.8827135720791
0.0865,309.350153055324,23.7043361244742
0.087,289.81769212275,24.2978313358408
0.0875,263.148957760338,24.6147105813221
0.088,230.000622716548,24.6165238208517
0.0885,191.188909013173,24.275498881788
0.089,147.669489850282,23.5749471122803
0.0895,100.51395776034,22.5094226257608
0.09,50.8834384436365,21.0846286902817
0.0905,3.58506777922794e-13,5.77113592885658e-09
0.091,-50.8834384436358,-17.9000067850653
0.0915,-100.513957760339,-16.82185382727
0.092,-147.669489850282,-16.4015186611272
0.0925,-191.188909013172,-16.4528088696008
0.093,-230.000622716548,-16.8910507039432
0.0935,-263.148957760339,-17.6299892484721
0.094,-289.817692122751,-18.583155174598
0.0945,-309.350153055324,-19.6653089089055
0.095,-321.26538654538,-20.7939197825491
0.0955,-325.27,-21.8906375226406
0.096,-321.26538654538,-22.8827142272572
0.0965,-309.350153055324,-23.7043367209113
0.097,-289.81769212275,-24.2978318789392
0.0975,-263.148957760339,-24.6147110758835
0.098,-230.000622716548,-24.6165242711412
0.0985,-191.188909013172,-24.2754992915946
0.099,-147.669489850281,-23.5749474849721
0.0995,-100.513957760339,-22.5094229643378
0.1,-25.4417192218177,-20.9630320180134
0.1005,3.7862515697239e-13,5.74413097001703e-09
0.101,25.4417192218185,17.5113102044936
0.1015,50.2569788801697,16.1667724639402
0.102,73.8347449251414,15.2176758962231
0.1025,95.5944545065867,14.5747925979561
0.103,115.000311358275,14.1890783628447
0.1035,131.57447888017,14.0113374342247
0.104,144.908846061376,13.9928449989548
0.1045,154.675076527663,14.086014188903
0.105,160.63269327269,14.2450858210161
0.1055,162.635,14.4268190563183
0.106,160.63269327269,14.5911615963032
0.1065,154.675076527662,14.7018789558807
0.107,144.908846061375,14.7271237368428
0.1075,131.57447888017,14.6399276443986
0.108,115.000311358274,14.4186012003406
0.1085,95.5944545065865,14.0470286585024
0.109,73.8347449251413,13.51484846131
0.1095,50.2569788801695,12.8175126231828
0.11,25.4417192218177,11.9562216145901
0.1105,-3.58708113754457e-13,2.70840876713978e-09
0.111,-25.4417192218184,-10.111621461235
0.1115,-50.2569788801702,-9.46325812050005
0.112,-73.8347449251409,-9.15283093009697
0.1125,-95.5944545065862,-9.08776854215052
0.113,-115.000311358274,-9.22482401584805
0.1135,-131.57447888017,-9.52004653240986
0.114,-144.908846061375,-9.92945651133927
0.1145,-154.675076527662,-10.4097602207341
0.115,-160.63269327269,-10.919082590306
0.1155,-162.635,-11.4176968396065
0.116,-160.63269327269,-11.868729930898
0.1165,-154.675076527662,-12.238823739561
0.117,-144.908846061375,-12.498733186028
0.1175,-131.57447888017,-12.6238443613297
0.118,-115.000311358274,-12.5945978617676
0.1185,-95.5944545065861,-12.3968050753668
0.119,-73.8347449251408,-12.0218479733262
0.1195,-50.256978880169,-11.4667559862087
0.12,-25.4417192218172,-10.734156714182
0.1205,-2.39004518615196e-13,2.51626221914875e-09
0.121,25.4417192218179,9.10761455050564
0.1215,50.2569788801696,8.55370976462177
0.122,73.8347449251414,8.3299387140446
0.1225,95.5944545065866,8.34327640474065
0.123,115.000311358274,8.55126248235748
0.1235,131.574478880169,8.91065777348964
0.124,144.908846061375,9.37812654185099
0.1245,154.675076527662,9.91095755826072
0.125,160.63269327269,10.4678027578994
0.1255,162.635,11.0094121559687
0.126,160.63269327269,11.4993440842421
0.1265,154.675076527662,11.9046306893928
0.127,144.908846061375,12.1963799805103
0.1275,131.574478880169,12.3502974971767
0.128,115.000311358274,12.3471128491598
0.1285,95.5944545065866,12.1728989025317
0.129,73.8347449251413,11.8192741945218
0.1295,50.2569788801695,11.2834821831697
0.13,25.4417192218178,10.5683441048994
0.1305,-3.18874027318591e-13,2.39407796082535e-09
0.131,-25.4417192218184,-8.97138855683553
0.1315,-50.2569788801701,-8.43030012791787
0.132,-73.8347449251419,-8.21828678483855
0.1325,-95.5944545065871,-8.2422619816625
0.133,-115.000311358274,-8.45987208986854
0.1335,-131.57447888017,-8.82797449369971
0.134,-144.908846061375,-9.3033208150978
0.1345,-154.675076527662,-9.84327886015423
0.135,-160.63269327269,-10.4065720693268
0.1355,-162.635,-10.9540151505118
0.136,-160.63269327269,-11.4492249646565
0.1365,-154.675076527662,-11.8592866113107
0.137,-144.908846061375,-12.155356007419
0.1375,-131.57447888017,-12.3131820360572
0.138,-115.000311358274,-12.3135335209902
0.1385,-95.5944545065861,-12.1425188062246
0.139,-73.8347449251408,-11.7917885268114
0.1395,-50.256978880169,-11.2586151805364
0.14,-25.4417192218172,-10.5458462768483
0.1405,8.76752573252377e-13,3.58396351660588e-09
0.141,25.441719221819,8.95290510720467
0.1415,50.2569788801707,8.4135556299949
0.142,73.8347449251424,8.20313759832332
0.1425,95.5944545065866,8.22855611488965
0.143,115.000311358274,8.44747203202373
0.1435,131.57447888017,8.81675583517955
0.144,144.908846061376,9.29317099931263
0.1445,154.675076527663,9.8340960542505
0.145,160.63269327269,10.398264142499
0.1455,162.635,10.9464987496535
0.146,160.63269327269,11.4424246780766
0.1465,154.675076527663,11.853134212124
0.147,144.908846061376,12.1497897690213
0.1475,131.57447888017,12.3081461128164
0.148,115.000311358274,12.3089773879398
0.1485,95.5944545065866,12.1383967521395
0.149,73.8347449251413,11.788059195579
0.1495,50.2569788801696,11.2552411562221
0.15,25.4417192218178,10.5427937082936
0.1505,-2.79039940882725e-13,2.42738983678544e-09
0.151,-25.4417192218172,-8.95039722098366
0.1515,-50.256978880169,-8.41128369008355
0.152,-73.8347449251408,-8.20108211555929
0.1525,-95.5944545065861,-8.22669646683855
0.153,-115.000311358274,-8.44578956100375
0.1535,-131.57447888017,-8.81523366106611
0.154,-144.908846061375,-9.29179385017866
0.1545,-154.675076527662,-9.83285011314308
0.155,-160.63269327269,-10.3971369088153
0.1555,-162.635,-10.9454789137249
0.156,-160.63269327269,-11.4415020077028
0.1565,-154.675076527662,-11.8522994499188
0.157,-144.908846061375,-12.1490345395397
0.1575,-131.57447888017,-12.3074628385309
0.158,-115.000311358274,-12.3083592132234
0.1585,-95.5944545065861,-12.1378374744919
0.159,-73.8347449251408,-11.787553203406
0.1595,-50.2569788801691,-11.2547833725439
0.16,-25.4417192218173,-10.5423795398166
0.1605,-3.18672691486928e-13,2.38765139718957e-09
0.161,25.4417192218178,8.95005695409973
0.1615,50.2569788801695,8.41097543562756
0.162,73.8347449251413,8.20080322891016
0.1625,95.5944545065866,8.22644414974974
0.163,115.000311358274,8.44556128185381
0.1635,131.57447888017,8.81502712946218
0.164,144.908846061375,9.29160699397875
0.1645,154.675076527663,9.83268105766671
0.165,160.63269327269,10.3969839580338
0.1655,162.635,10.9453405332425
0.166,160.63269327269,11.4413768093586
0.1665,154.675076527662,11.8521861778539
0.167,144.908846061375,12.1489320575911
0.1675,131.574478880169,12.3073701188251
0.168,115.000311358274,12.308275325856
0.1685,95.5944545065857,12.1377615781888
0.169,73.8347449251403,11.7874845370743
0.1695,50.2569788801685,11.2547212476266
0.17,25.4417192218179,10.542323333375
0.1705,-2.39205854446859e-13,2.46710170205147e-09
0.171,-25.4417192218183,-8.95001077696932
0.1715,-50.2569788801701,-8.41093360333218
0.172,-73.8347449251418,-8.20076538290786
0.1725,-95.594454506587,-8.22640991051475
0.173,-115.000311358275,-8.44553030599376
0.1735,-131.57447888017,-8.81499910626965
0.174,-144.908846061376,-9.29158164231218
0.1745,-154.675076527663,-9.83265812312934
0.175,-160.63269327269,-10.3969632104224
0.1755,-162.635,-10.9453217642403
0.176,-160.63269327269,-11.4413598304489
0.1765,-154.675076527662,-11.8521708184341
0.177,-144.908846061375,-12.1489181632671
0.1775,-131.57447888017,-12.3073575498696
0.178,-115.000311358274,-12.3082639558144
0.1785,-95.5944545065871,-12.1377512926195
0.179,-73.8347449251419,-11.7874752324093
0.1795,-50.2569788801702,-11.2547128301415
0.18,-25.4417192218184,-10.5423157182578
0.1805,-3.58506777922794e-13,2.34779883404111e-09
0.181,25.4417192218177,8.95000452047732
0.1815,50.2569788801695,8.41092793504003
0.182,73.8347449251413,8.20076025388153
0.1825,95.5944545065865,8.22640526911271
0.183,115.000311358274,8.44552610552011
0.1835,131.574478880169,8.8149953045088
0.184,144.908846061375,9.29157820110711
0.1845,154.675076527662,9.83265500799907
0.185,160.63269327269,10.396960390215
0.1855,162.635,10.9453192108177
0.186,160.63269327269,11.441357518401
0.1865,154.675076527662,11.8521687248183
0.187,144.908846061375,12.1489162673722
0.1875,131.574478880169,12.3073558330005
0.188,115.000311358275,12.3082624010968
0.1885,95.5944545065867,12.1377498848217
0.189,73.8347449251414,11.7874739577804
0.1895,50.2569788801697,11.2547116762643
0.19,25.4417192218179,10.5423146739151
0.1905,-1.99371768010993e-13,2.50693138905002e-09
0.191,-25.4417192218183,-8.95000366265433
0.1915,-50.25697888017,-8.41092715834318
0.192,-73.8347449251417,-8.20075955195754
0.1925,-95.594454506587,-8.2264046351013
0.193,-115.000311358274,-8.44552553318907
0.1935,-131.57447888017,-8.81499478818825
0.194,-144.908846061375,-9.29157773563086
0.1945,-154.675076527662,-9.83265458865245
0.195,-160.63269327269,-10.3969600126886
0.1955,-162.635,-10.9453188711668
0.196,-160.63269327269,-11.4413572130095
0.1965,-154.675076527662,-11.8521684503682
0.197,-144.908846061375,-12.1489160208159
0.1975,-131.574478880169,-12.3073556115378
0.198,-115.000311358274,-12.3082622021549
0.1985,-95.5944545065862,-12.1377497060379
0.199,-73.8347449251409,-11.7874737969873
0.1995,-50.2569788801691,-11.2547115314776
0.2,-25.4417192218173,-10.5423145433226
0.2005,7.57250313944779e-13,3.4635534481033e-09
0.201,25.4417192218188,8.95000355518765
0.2015,50.2569788801706,8.41092706056326
0.202,73.8347449251422,8.20075946271628
0.2025,95.5944545065865,8.22640455332152
0.203,115.000311358274,8.44552545792183
0.2035,131.57447888017,8.81499471860656
0.204,144.908846061375,9.29157767102307
0.2045,154.675076527663,9.83265452841549
0.205,160.63269327269,10.3969599563208
0.2055,162.635,10.9453188182603
0.206,160.63269327269,11.4413571632425
0.2065,154.675076527662,11.8521684034961
0.207,144.908846061375,12.148915976663
0.2075,131.574478880169,12.3073555699882
0.208,115.000311358274,12.3082621631432
0.2085,95.5944545065848,12.1377496695398
0.209,73.8347449251425,11.7874737630106
0.2095,50.2569788801697,11.2547115000528
0.21,25.4417192218191,10.5423145144943
0.2105,-1.59537681575127e-13,2.54676324510853e-09
0.211,-25.4417192218171,-8.95000353168199
0.2115,-50.25697888017,-8.41092703969293
0.212,-73.8347449251407,-8.20075944461154
0.2125,-95.594454506587,-8.22640453798256
0.213,-115.000311358274,-8.4455254453232
0.2135,-131.574478880169,-8.8149947086937
0.214,-144.908846061375,-9.29157766371005
0.2145,-154.675076527662,-9.83265452358381
0.215,-160.63269327269,-10.3969599538193
0.2155,-162.635,-10.9453188179062
0.216,-160.63269327269,-11.4413571648233
0.2165,-154.675076527662,-11.8521684067728
0.217,-144.908846061375,-12.148915981374
0.2175,-131.57447888017,-12.3073555758537
0.218,-115.000311358273,-12.3082621698706
0.2185,-95.5944545065863,-12.1377496768294
0.219,-73.834744925142,-11.7874737705616
0.2195,-50.2569788801692,-11.2547115075696
0.22,-25.4417192218185,-10.5423145216924
0.2205,7.17416227508913e-13,3.42371716558367e-09
0.221,25.4417192218177,8.95000353741414
0.2215,50.2569788801705,8.41092704445881
0.222,73.8347449251412,8.20075944814293
0.2225,95.5944545065874,8.22640454013336
0.223,115.000311358274,8.44552544598692
0.2235,131.574478880169,8.8149947078056
0.224,144.908846061375,9.29157766124821
0.2245,154.675076527662,9.83265451956924
0.225,160.63269327269,10.396959948315
0.2255,162.635,10.9453188110153
0.226,160.63269327269,11.4413571566862
0.2265,154.675076527662,11.8521683975634
0.227,144.908846061375,12.148915971295
0.2275,131.574478880169,12.3073555651316
0.228,115.000311358275,12.3082621587497
0.2285,95.5944545065858,12.1377496655659
0.229,73.8347449251415,11.7874737594167
0.2295,50.2569788801686,11.2547114968032
0.23,25.441719221818,10.5423145115566
0.2305,-1.2752947734427e-12,1.43100449774642e-09
0.231,-25.4417192218182,-8.9500035292694
0.2315,-50.2569788801711,-8.41092703750577
0.232,-73.8347449251417,-8.20075944263116
0.2325,-95.594454506586,-8.22640453618923
0.233,-115.000311358275,-8.4455254436991
0.2335,-131.574478880169,-8.81499470722278
0.234,-144.908846061376,-9.29157766237781
0.2345,-154.675076527662,-9.83265452237716
0.235,-160.63269327269,-10.3969599527264
0.2355,-162.635,-10.9453188169164
0.236,-160.63269327269,-11.4413571639271
0.2365,-154.675076527662,-11.8521684059615
0.237,-144.908846061374,-12.1489159806397
0.2375,-131.574478880169,-12.3073555751894
0.238,-115.000311358274,-12.3082621692697
0.2385,-95.5944545065854,-12.1377496762862
0.239,-73.834744925141,-11.7874737700709
0.2395,-50.2569788801681,-11.2547115071266
0.24,-25.4417192218174,-10.5423145212928
0.2405,-4.78009037230391e-13,2.22829024512973e-09
0.241,25.4417192218165,8.95000353708117
0.2415,50.2569788801694,8.41092704415098
0.242,73.8347449251401,8.20075944785797
0.2425,95.5944545065864,8.22640453986899
0.243,115.000311358274,8.44552544574125
0.2435,131.57447888017,8.81499470757707
0.244,144.908846061375,9.29157766103558
0.2445,154.675076527662,9.8326545193715
0.245,160.63269327269,10.3969599481314
0.2455,162.635,10.9453188108453
0.246,160.63269327269,11.4413571565293
0.2465,154.675076527663,11.8521683974193
0.247,144.908846061375,12.1489159711635
0.2475,131.57447888017,12.3073555650125
0.248,115.000311358274,12.3082621586429
0.2485,95.5944545065868,12.1377496654712
0.249,73.8347449251405,11.7874737593339
0.2495,50.2569788801698,11.2547114967321
0.25,25.4417192218169,10.5423145114967
0.2505,-7.9869508703395e-14,2.6264286804219e-09
0.251,-25.441719221817,-8.95000352922644
0.2515,-50.2569788801699,-8.4109270374684
0.252,-73.8347449251406,-8.20075944259895
0.2525,-95.5944545065869,-8.22640453616173
0.253,-115.000311358274,-8.44552544367584
0.2535,-131.57447888017,-8.8149947072033
0.254,-144.908846061375,-9.29157766236166
0.2545,-154.675076527663,-9.83265452236389
0.255,-160.63269327269,-10.3969599527156
0.2555,-162.635,-10.9453188169076
0.256,-160.63269327269,-11.4413571639199
0.2565,-154.675076527662,-11.8521684059555
0.257,-144.908846061375,-12.1489159806345
0.2575,-131.57447888017,-12.3073555751847
0.258,-115.000311358273,-12.3082621692653
0.2585,-95.5944545065863,-12.1377496762818
0.259,-73.83474492514,-11.7874737700662
0.2595,-50.2569788801692,-11.2547115071214
0.26,-25.4417192218163,-10.5423145212869
0.2605,6.37748054637181e-13,3.3440457065454e-09
0.261,25.4417192218176,8.95000353707227
0.2615,50.2569788801705,8.41092704413982
0.262,73.8347449251411,8.20075944784467
0.2625,95.5944545065873,8.22640453985369
0.263,115.000311358274,8.44552544572417
0.2635,131.57447888017,8.8149947075585
0.264,144.908846061375,9.29157766101584
0.2645,154.675076527663,9.83265451935097
0.265,160.63269327269,10.3969599481105
0.2655,162.635,10.9453188108244
0.266,160.63269327269,11.4413571565089
0.2665,154.675076527662,11.8521683973997
0.267,144.908846061375,12.1489159711452
0.2675,131.574478880169,12.307355564996
0.268,115.000311358273,12.3082621586284
0.2685,95.5944545065859,12.1377496654589
0.269,73.8347449251395,11.7874737593243
0.2695,50.2569788801687,11.2547114967253
0.27,25.4417192218181,10.5423145114928
0.2705,-1.19562660057097e-12,1.51066938627584e-09
0.271,-25.4417192218181,-8.95000352922853
0.2715,-50.256978880171,-8.41092703747339
0.272,-73.8347449251416,-8.20075944260671
0.2725,-95.5944545065878,-8.22640453617202
0.273,-115.000311358275,-8.44552544368841
0.2735,-131.574478880171,-8.81499470721781
0.274,-144.908846061376,-9.29157766237773
0.2745,-154.675076527662,-9.83265452238111
0.275,-160.63269327269,-10.3969599527335
0.2755,-162.635,-10.9453188169258
0.276,-160.63269327269,-11.4413571639379
0.2765,-154.675076527662,-11.8521684059728
0.277,-144.908846061374,-12.1489159806508
0.2775,-131.574478880169,-12.3073555751995
0.278,-115.000311358273,-12.3082621692782
0.2785,-95.5944545065854,-12.1377496762925
0.279,-73.834744925139,-11.7874737700744
0.2795,-50.2569788801682,-11.2547115071269
0.28,-25.4417192218175,-10.5423145212896
0.2805,1.75350514650475e-12,4.45980062043029e-09
0.281,25.4417192218187,8.95000353706927
0.2815,50.2569788801715,8.41092704413402
0.282,73.8347449251421,8.2007594478362
0.2825,95.5944545065882,8.22640453984276
0.283,115.000311358275,8.44552544571106
0.2835,131.574478880171,8.81499470754352
0.284,144.908846061376,9.29157766099935
0.2845,154.675076527662,9.83265451933337
0.285,160.632693272691,10.3969599480922
0.2855,162.635,10.9453188108059
0.286,160.63269327269,11.4413571564906
0.2865,154.675076527662,11.8521683973821
0.287,144.908846061374,12.1489159711287
0.2875,131.574478880169,12.307355564981
0.288,115.000311358272,12.3082621586153
0.2885,95.594454506585,12.1377496654481
0.289,73.8347449251426,11.7874737593159
0.2895,50.2569788801698,11.2547114967196
0.29,25.4417192218192,10.54231451149
0.2905,-2.01335831663095e-16,2.70609247389989e-09
0.291,-25.4417192218169,-8.95000352923144
0.2915,-50.2569788801676,-8.41092703747911
0.292,-73.8347449251405,-8.20075944261509
0.2925,-95.594454506585,-8.22640453618286
0.293,-115.000311358274,-8.44552544370144
0.2935,-131.574478880169,-8.81499470723271
0.294,-144.908846061375,-9.29157766239414
0.2945,-154.675076527662,-9.83265452239863
0.295,-160.63269327269,-10.3969599527517
0.2955,-162.635,-10.9453188169443
0.296,-160.63269327269,-11.4413571639561
0.2965,-154.675076527662,-11.8521684059904
0.297,-144.908846061376,-12.1489159806672
0.2975,-131.57447888017,-12.3073555752144
0.298,-115.000311358275,-12.3082621692913
0.2985,-95.5944545065864,-12.1377496763034
0.299,-73.8347449251421,-11.7874737700829
0.2995,-50.2569788801693,-11.2547115071327
0.3,-50.8834384436374,-10.6639115007084
0.3005,1.1161597635309e-12,3.86957499955097e-09
0.301,50.883438443635,9.33870036964656
0.3015,100.513957760336,9.06600863490947
0.302,147.669489850282,9.38460241695868
0.3025,191.188909013171,10.1044209941641
0.303,230.000622716548,11.1474979495208
0.3035,263.148957760338,12.433646666026
0.304,289.817692122751,13.8818879638221
0.3045,309.350153055324,15.4119493508266
0.305,321.265386545381,16.9457940067519
0.3055,325.27,18.4091373611812
0.306,321.265386545381,19.7329098596855
0.3065,309.350153055325,20.8546262240769
0.307,289.817692122751,21.7196241655208
0.3075,263.148957760339,22.2821390405724
0.308,230.000622716549,22.5061852664794
0.3085,191.188909013172,22.3662203296672
0.309,147.669489850283,21.8475728092291
0.3095,100.513957760338,20.946621860256
0.31,50.8834384436363,19.6707219137797
0.3105,-2.23191685539847e-12,2.81986405234215e-09
0.311,-50.8834384436361,-16.7383891214292
0.3115,-100.513957760337,-15.7695229873835
0.312,-147.669489850283,-15.4494473936316
0.3125,-191.188909013172,-15.5914450626768
0.313,-230.000622716549,-16.1117523118928
0.3135,-263.148957760339,-16.9249375862484
0.314,-289.817692122751,-17.9452764730959
0.3145,-309.350153055325,-19.088203343979
0.315,-321.265386545381,-20.2717972657052
0.3155,-325.27,-21.4182596091981
0.316,-321.265386545381,-22.4553415591369
0.3165,-309.350153055324,-23.3176814767525
0.317,-289.817692122751,-23.9480147544745
0.3175,-263.148957760338,-24.2982223629573
0.318,-230.000622716549,-24.3301886448787
0.3185,-191.188909013171,-24.0164439524316
0.319,-147.669489850282,-23.3405733359151
0.3195,-100.513957760336,-22.2973785342761
0.32,-50.8834384436351,-20.8927868488673
0.3205,-1.27469076594771e-12,4.08893905624392e-09
0.321,50.8834384436372,17.7423960600425
0.3215,100.513957760338,16.6790713672074
0.322,147.669489850284,16.2723396289714
0.3225,191.188909013173,16.3359372143681
0.323,230.00062271655,16.7853138544221
0.3235,263.148957760339,17.534326348846
0.324,289.817692122752,18.4966064409037
0.3245,309.350153055325,19.5870059995407
0.325,321.26538654538,20.7230770862162
0.3255,325.27,21.826544276319
0.326,321.26538654538,22.8247273851244
0.3265,309.350153055324,23.6518745026669
0.327,289.81769212275,24.250367932802
0.3275,263.148957760338,24.5717691976998
0.328,230.000622716548,24.5776736266222
0.3285,191.18890901317,24.2403500937471
0.329,147.669489850281,23.5431470833553
0.3295,100.513957760335,22.4806523069099
0.33,50.883438443634,21.0585994294808
0.3305,1.58933674080138e-13,5.56487246845643e-09
0.331,-50.8834384436383,-17.8786220307747
0.3315,-100.51395776034,-16.8024809844526
0.332,-147.669489850285,-16.3839915429559
0.3325,-191.188909013174,-16.43695162685
0.333,-230.000622716551,-16.8767042412129
0.3335,-263.14895776034,-17.6170096279872
0.334,-289.817692122752,-18.5714121720833
0.3345,-309.350153055325,-19.6546847070485
0.335,-321.26538654538,-20.7843077889416
0.3355,-325.27,-21.8819413003389
0.336,-321.26538654538,-22.8748465272325
0.3365,-309.350153055324,-23.6972186066825
0.337,-289.81769212275,-24.2913919346043
0.3375,-263.148957760337,-24.6088846896058
0.338,-230.000622716547,-24.6112529869
0.3385,-191.188909013169,-24.2707302226974
0.339,-147.66948985028,-23.5706327834435
0.3395,-100.513957760339,-22.5055193408618
0.34,-50.8834384436329,-21.0810972870227
0.3405,9.56823417787435e-13,6.36850434042143e-09
0.341,50.8834384436394,17.8971055040109
0.3415,100.513957760341,16.8192255024358
0.342,147.669489850286,16.3991407452338
0.3425,191.188909013174,16.4506575047054
0.343,230.000622716552,16.8891043051925
0.3435,263.148957760341,17.6282282875481
0.344,289.817692122753,18.5815619837938
0.3445,309.350153055326,19.6638675038665
0.345,321.265386545381,20.7926157018997
0.3455,325.27,21.8894576828884
0.346,321.26538654538,22.8816467915184
0.3465,309.350153055323,23.7033709801414
0.347,289.817692122749,24.2969581444764
0.3475,263.148957760336,24.6139205822279
0.348,230.000622716546,24.6158090879945
0.3485,191.188909013168,24.274852244278
0.349,147.669489850279,23.574362082425
0.3495,100.513957760338,22.5088933339742
0.35,50.8834384436318,21.0841498261945
0.3505,-2.07258050965501e-12,3.33987604488417e-09
0.351,-50.8834384436405,-17.8996133667234
0.3515,-100.513957760342,-16.8214974223808
0.352,-147.669489850287,-16.4011962123266
0.3525,-191.188909013172,-16.4525171417632
0.353,-230.000622716546,-16.8907867701649
0.3535,-263.148957760339,-17.6297504607059
0.354,-289.817692122749,-18.5829391370853
0.3545,-309.350153055324,-19.66511345414
0.355,-321.26538654538,-20.7937429495305
0.3555,-325.27,-21.8904775371997
0.356,-321.265386545381,-22.8825694842562
0.3565,-309.350153055326,-23.7042057681398
0.357,-289.817692122751,-24.2977134025439
0.3575,-263.148957760341,-24.6146038871869
0.358,-230.000622716549,-24.6164272947155
0.3585,-191.188909013175,-24.2754115544722
0.359,-147.669489850282,-23.5748681068842
0.3595,-100.513957760341,-22.5093511488824
0.36,-50.8834384436353,-21.0845640240754
0.3605,-1.43402711169117e-12,3.97853624022525e-09
0.361,50.883438443637,17.8999536571254
0.3615,100.513957760338,16.8218056968087
0.362,147.66948985028,16.4014751146487
0.3625,191.188909013173,16.4527694698436
0.363,230.000622716547,16.8910150553576
0.3635,263.148957760339,17.6299569932579
0.364,289.81769212275,18.5831259891179
0.3645,309.350153055325,19.6652825004387
0.365,321.26538654538,20.7938958863522
0.3655,325.27,21.8906158992858
0.366,321.265386545381,22.8826946602226
0.3665,309.350153055325,23.7043190143979
0.367,289.81769212275,24.2978158558938
0.3675,263.14895776034,24.6146965762075
0.368,230.000622716548,24.6165111500683
0.3685,191.188909013174,24.2754874182207
0.369,147.669489850281,23.5749367409238
0.3695,100.51395776034,22.5094132425663
0.37,50.8834384436342,21.0846202011123
0.3705,3.18270019823601e-13,5.73084444093404e-09
0.371,-50.8834384436336,-17.8999998107452
0.3715,-100.513957760339,-16.8218475091451
0.372,-147.669489850281,-16.4015129449962
0.3725,-191.188909013173,-16.45280369811
0.373,-230.000622716547,-16.8910460252022
0.3735,-263.14895776034,-17.6299850155333
0.374,-289.81769212275,-18.5831513449857
0.3745,-309.350153055325,-19.6653054441898
0.375,-321.26538654538,-20.7939166479608
0.3755,-325.27,-21.8906346867221
0.376,-321.26538654538,-22.8827116615473
0.3765,-309.350153055325,-23.7043343996602
0.377,-289.81769212275,-24.29782977885
0.3775,-263.14895776034,-24.6147091758785
0.378,-230.000622716547,-24.6165225521511
0.3785,-191.188909013173,-24.2754977363667
0.379,-147.66948985028,-23.5749460778981
0.3795,-100.513957760339,-22.5094216912966
0.38,-50.8834384436331,-21.0846278456402
0.3805,7.97487072043972e-13,6.21006454416851e-09
0.381,50.8834384436347,17.9000060907451
0.3815,100.51395776034,16.8218531973907
0.382,147.669489850282,16.4015180896691
0.3825,191.188909013174,16.45280835047
0.383,230.000622716548,16.8910502316784
0.3835,263.148957760341,17.6299888181965
0.384,289.817692122751,18.5831547819733
0.3845,309.350153055326,19.6653085500889
0.385,321.265386545381,20.7939194541529
0.3855,325.27,21.8906372216923
0.386,321.26538654538,22.8827139511621
0.3865,309.350153055325,23.704336467416
0.387,289.817692122749,24.2978316460963
0.3875,263.148957760339,24.6147108620172
0.388,230.000622716546,24.6165240748144
0.3885,191.188909013172,24.2754991115769
0.389,147.669489850279,23.5749473202094
0.3895,100.513957760338,22.509422813923
0.39,50.8834384436366,21.0846288605693
0.3905,-1.91324416391154e-12,3.49933025249958e-09
0.391,-50.8834384436358,-17.9000069250661
0.3915,-100.513957760341,-16.8218539541457
0.392,-147.669489850283,-16.4015187759634
0.3925,-191.188909013175,-16.4528089735453
0.393,-230.000622716549,-16.8910507980331
0.3935,-263.148957760341,-17.6299893336447
0.394,-289.817692122751,-18.5831552517001
0.3945,-309.350153055326,-19.6653089787019
0.395,-321.265386545381,-20.7939198457312
0.3955,-325.27,-21.8906375798326
0.396,-321.26538654538,-22.8827142790233
0.3965,-309.350153055324,-23.7043367677614
0.397,-289.817692122749,-24.2978319213343
0.3975,-263.148957760338,-24.6147111142403
0.398,-230.000622716546,-24.6165243058367
0.3985,-191.188909013171,-24.2754993229701
0.399,-147.669489850278,-23.5749475133368
0.3995,-100.513957760337,-22.5094229899719
0.4,-50.8834384436355,-21.0846290205812
0.4005,3.02900125577912e-12,8.44157576682448e-09
0.401,50.8834384436369,17.9000070560318
0.4015,100.513957760343,16.8218540718618
0.402,147.669489850284,16.401518880826
0.4025,191.188909013176,16.4528090662503
0.403,230.00062271655,16.8910508792637
0.4035,263.148957760342,17.6299894040839
0.404,289.817692122752,18.5831553120409
0.4045,309.350153055325,19.665309029655
0.405,321.265386545381,20.7939198880289
0.4055,325.27,21.8906376142313
0.406,321.26538654538,22.8827143063024
0.4065,309.350153055324,23.7043367887207
0.407,289.817692122748,24.2978319367891
0.4075,263.148957760338,24.6147111250146
0.408,230.000622716545,24.616524312755
0.4085,191.18890901317,24.275499326848
0.409,147.669489850282,23.5749475149708
0.4095,100.51395776034,22.5094229901288
0.41,50.8834384436298,21.0846290199872
0.4105,-4.14475834764669e-12,1.26781170488834e-09
0.411,-50.883438443638,-17.9000070560384
0.4115,-100.513957760339,-16.8218540727959
0.412,-147.669489850289,-16.4015188833094
0.4125,-191.188909013177,-16.4528090706641
0.413,-230.000622716551,-16.8910508858991
0.4135,-263.14895776034,-17.6299894131393
0.414,-289.81769212275,-18.5831553236209
0.4145,-309.350153055327,-19.6653090437706
0.415,-321.265386545381,-20.7939199046005
0.4155,-325.27,-21.8906376330933
0.416,-321.26538654538,-22.8827143272096
0.4165,-309.350153055322,-23.7043368113568
0.417,-289.817692122752,-24.2978319607762
0.4175,-263.148957760343,-24.6147111499244
0.418,-230.000622716547,-24.6165243381212
0.4185,-191.188909013173,-24.2754993521787
0.419,-147.669489850285,-23.5749475397626
0.4195,-100.513957760343,-22.5094230138801
0.42,-50.8834384436333,-21.0846290422116
0.4205,6.38150726300508e-13,6.05072083657429e-09
0.421,50.8834384436345,17.9000070738026
0.4215,100.513957760336,16.8218540879606
0.422,147.669489850278,16.401518895391
0.4225,191.188909013174,16.4528090794276
0.423,230.000622716548,16.8910508911855
0.4235,263.148957760338,17.6299894148698
0.424,289.817692122748,18.5831553217992
0.4245,309.350153055325,19.6653090384836
0.425,321.265386545381,20.7939198960163
0.4255,325.27,21.8906376214577
0.426,321.265386545381,22.8827143128403
0.4265,309.350153055326,23.7043367946358
0.427,289.817692122749,24.2978319421407
0.4275,263.148957760339,24.6147111298563
0.428,230.00062271655,24.6165243171355
0.4285,191.188909013176,24.2754993308111
0.429,147.66948985028,23.5749475185564
0.4295,100.513957760338,22.5094229933727
0.43,50.8834384436367,21.0846290229222
0.4305,2.86845689504568e-12,8.28102483455552e-09
0.431,-50.8834384436311,-17.9000070584554
0.4315,-100.513957760341,-16.8218540749917
0.432,-147.669489850283,-16.4015188853024
0.4325,-191.188909013171,-16.4528090724737
0.433,-230.000622716546,-16.8910508875427
0.4335,-263.148957760341,-17.6299894146326
0.434,-289.817692122751,-18.5831553249778
0.4345,-309.350153055324,-19.6653090450036
0.435,-321.26538654538,-20.7939199057208
0.4355,-325.27,-21.8906376341107
0.436,-321.26538654538,-22.8827143281332
0.4365,-309.350153055324,-23.7043368121945
0.437,-289.817692122751,-24.2978319615352
0.4375,-263.148957760341,-24.6147111506112
0.438,-230.000622716546,-24.6165243387416
0.4385,-191.188909013171,-24.2754993527381
0.439,-147.669489850283,-23.5749475402659
0.4395,-100.513957760341,-22.5094230143315
0.44,-50.8834384436311,-21.0846290426155
0.4405,2.86966491003565e-12,8.28223285457617e-09
0.441,50.8834384436367,17.9000070741297
0.4415,100.513957760338,16.8218540882569
0.442,147.66948985028,16.4015188956591
0.4425,191.188909013176,16.4528090796702
0.443,230.00062271655,16.891050891405
0.4435,263.148957760339,17.6299894150684
0.444,289.817692122749,18.5831553219789
0.4445,309.350153055326,19.6653090386462
0.445,321.265386545381,20.7939198961635
0.4455,325.27,21.8906376215908
0.446,321.265386545381,22.8827143129607
0.4465,309.350153055325,23.7043367947448
0.447,289.817692122748,24.2978319422392
0.4475,263.148957760338,24.6147111299455
0.448,230.000622716548,24.6165243172161
0.4485,191.188909013174,24.2754993308841
0.449,147.669489850278,23.5749475186224
0.4495,100.513957760336,22.5094229934324
0.45,50.8834384436345,21.0846290229761
0.4505,6.36942711310529e-13,6.04950843640812e-09
0.451,-50.8834384436333,-17.9000070585056
0.4515,-100.513957760343,-16.8218540750434
0.452,-147.669489850285,-16.4015188853556
0.4525,-191.188909013173,-16.4528090725284
0.453,-230.000622716547,-16.8910508875987
0.4535,-263.148957760343,-17.6299894146896
0.454,-289.817692122752,-18.5831553250352
0.4545,-309.350153055325,-19.6653090450609
0.455,-321.26538654538,-20.7939199057773
0.4555,-325.27,-21.8906376341658
0.456,-321.26538654538,-22.8827143281861
0.4565,-309.350153055324,-23.7043368122445
0.457,-289.81769212275,-24.2978319615816
0.4575,-263.14895776034,-24.6147111506533
0.458,-230.000622716544,-24.6165243387787
0.4585,-191.18890901317,-24.2754993527698
0.459,-147.669489850281,-23.5749475402916
0.4595,-100.513957760339,-22.5094230143511
0.46,-50.883438443638,-21.0846290426286
0.4605,5.1011790937708e-12,1.05137448724783e-08
0.461,50.8834384436389,17.9000070741358
0.4615,100.51395776034,16.8218540882625
0.462,147.669489850282,16.4015188956641
0.4625,191.188909013178,16.4528090796748
0.463,230.000622716551,16.8910508914092
0.4635,263.14895776034,17.6299894150722
0.464,289.81769212275,18.5831553219823
0.4645,309.350153055324,19.6653090386493
0.465,321.265386545381,20.7939198961662
0.4655,325.27,21.8906376215933
0.466,321.26538654538,22.882714312963
0.4665,309.350153055325,23.7043367947468
0.467,289.817692122747,24.2978319422411
0.4675,263.148957760336,24.6147111299471
0.468,230.000622716547,24.6165243172176
0.4685,191.188909013172,24.2754993308854
0.469,147.669489850276,23.5749475186236
0.4695,100.513957760334,22.5094229934335
0.47,50.8834384436323,21.0846290229771
0.4705,-1.59457147242462e-12,3.81799203824719e-09
0.471,-50.8834384436355,-17.9000070585151
0.4715,-100.513957760346,-16.8218540750612
0.472,-147.669489850287,-16.4015188853815
0.4725,-191.188909013175,-16.4528090725616
0.473,-230.000622716549,-16.8910508876385
0.4735,-263.148957760344,-17.629989414735
0.474,-289.817692122753,-18.5831553250852
0.4745,-309.350153055326,-19.6653090451142
0.475,-321.265386545381,-20.7939199058325
0.4755,-325.27,-21.8906376342217
0.476,-321.265386545379,-22.8827143282412
0.4765,-309.350153055323,-23.7043368122976
0.477,-289.817692122749,-24.2978319616313
0.4775,-263.148957760339,-24.6147111506984
0.478,-230.000622716542,-24.6165243388182
0.4785,-191.188909013168,-24.2754993528025
0.479,-147.669489850279,-23.5749475403169
0.4795,-100.513957760337,-22.5094230143683
0.48,-50.8834384436358,-21.0846290426374
0.4805,-1.91203614892157e-12,3.50052626823403e-09
0.481,50.883438443632,17.9000070741358
0.4815,100.513957760333,16.8218540882624
0.482,147.669489850283,16.4015188956641
0.4825,191.188909013172,16.4528090796747
0.483,230.000622716546,16.8910508914091
0.4835,263.148957760336,17.6299894150721
0.484,289.817692122752,18.5831553219822
0.4845,309.350153055325,19.6653090386491
0.485,321.26538654538,20.7939198961661
0.4855,325.27,21.8906376215932
0.486,321.26538654538,22.8827143129629
0.4865,309.350153055324,23.7043367947467
0.487,289.817692122751,24.297831942241
0.4875,263.148957760341,24.6147111299471
0.488,230.000622716552,24.6165243172177
0.4885,191.188909013171,24.2754993308855
0.489,147.669489850282,23.5749475186236
0.4895,100.51395776034,22.5094229934336
0.49,50.8834384436392,21.0846290229773
0.4905,-3.82608565615976e-12,1.58647564008607e-09
0.491,-50.8834384436377,-17.900007058521
0.4915,-100.513957760339,-16.8218540750728
0.492,-147.66948985028,-16.4015188853984
0.4925,-191.188909013169,-16.4528090725834
0.493,-230.00062271655,-16.8910508876647
0.4935,-263.14895776034,-17.6299894147649
0.494,-289.81769212275,-18.5831553251181
0.4945,-309.350153055324,-19.6653090451493
0.495,-321.265386545381,-20.793919905869
0.4955,-325.27,-21.8906376342586
0.496,-321.26538654538,-22.8827143282777
0.4965,-309.350153055325,-23.7043368123328
0.497,-289.817692122752,-24.2978319616643
0.4975,-263.148957760337,-24.6147111507284
0.498,-230.000622716547,-24.6165243388444
0.4985,-191.188909013173,-24.2754993528244
0.499,-147.669489850285,-23.5749475403339
0.4995,-100.513957760335,-22.5094230143799
0.5,-25.4417192218168,-20.9630320631986
0.5005,1.5973901740679e-13,5.52517645109998e-09
0.501,25.4417192218217,17.5113102415573
0.5015,50.2569788801678,16.1667724974843
0.502,73.8347449251427,15.2176759265376
0.5025,95.594454506587,14.5747926253481
0.503,115.000311358277,14.1890783875929
0.5035,131.574478880169,14.0113374565823
0.504,144.908846061376,13.9928450191513
0.5045,154.675076527663,14.0860142071473
0.505,160.632693272691,14.2450858374974
0.5055,162.635,14.4268190712088
0.506,160.63269327269,14.5911616097589
0.5065,154.675076527662,14.7018789680433
0.507,144.908846061373,14.7271237478407
0.5075,131.57447888017,14.6399276543482
0.508,115.000311358272,14.418601209347
0.5085,95.5944545065844,14.0470286666609
0.509,73.8347449251399,13.5148484687063
0.5095,50.2569788801692,12.8175126298942
0.51,25.441719221814,11.956221620686
0.5105,1.5935647932663e-12,4.66064384467621e-09
0.511,-25.4417192218199,-10.1116214663058
0.5115,-50.2569788801705,-9.46325812513406
0.512,-73.8347449251453,-9.15283093433144
0.5125,-95.5944545065855,-9.08776854602416
0.513,-115.000311358273,-9.22482401939478
0.5135,-131.57447888017,-9.52004653565939
0.514,-144.908846061373,-9.92945651431746
0.5145,-154.675076527662,-10.4097602234634
0.515,-160.63269327269,-10.9190825928059
0.5155,-162.635,-11.4176968418938
0.516,-160.632693272691,-11.8687299329873
0.5165,-154.675076527662,-12.2388237414651
0.517,-144.908846061376,-12.4987331877581
0.5175,-131.574478880168,-12.6238443628957
0.518,-115.000311358276,-12.5945978631784
0.5185,-95.5944545065858,-12.3968050766308
0.519,-73.8347449251415,-12.0218479744511
0.5195,-50.2569788801664,-11.466755987202
0.52,-25.4417192218203,-10.7341567150511
0.5205,1.27549610927436e-12,4.03072886008227e-09
0.521,25.4417192218182,9.10761455116125
0.5215,50.2569788801689,8.55370976518634
0.522,73.8347449251396,8.32993871452474
0.5225,95.5944545065879,8.34327640514396
0.523,115.000311358271,8.55126248269157
0.5235,131.574478880169,8.91065777376218
0.524,144.908846061375,9.37812654206963
0.5245,154.675076527663,9.91095755843309
0.525,160.63269327269,10.467802758033
0.5255,162.635,11.0094121560709
0.526,160.63269327269,11.49934408432
0.5265,154.675076527661,11.9046306894532
0.527,144.908846061376,12.1963799805596
0.5275,131.574478880169,12.3502974972208
0.528,115.000311358274,12.3471128492041
0.5285,95.5944545065835,12.172898902581
0.529,73.834744925143,11.81927419458
0.5295,50.2569788801681,11.2834821832403
0.53,25.4417192218174,10.5683441049848
0.5305,4.77807701398728e-13,3.19072731453418e-09
0.531,-25.4417192218165,-8.97138855696892
0.5315,-50.2569788801716,-8.43030012808204
0.532,-73.8347449251381,-8.21828678503224
0.5325,-95.5944545065864,-8.24226198188355
0.533,-115.000311358274,-8.45987209011393
0.5335,-131.574478880171,-8.82797449396556
0.534,-144.908846061374,-9.30332081537952
0.5345,-154.675076527662,-9.84327886044664
0.535,-160.63269327269,-10.4065720696243
0.5355,-162.635,-10.9540151508085
0.536,-160.632693272691,-11.4492249649465
0.5365,-154.675076527662,-11.8592866115879
0.537,-144.908846061375,-12.1553560076777
0.5375,-131.574478880167,-12.3131820362921
0.538,-115.000311358275,-12.3135335211963
0.5385,-95.5944545065849,-12.1425188063977
0.539,-73.8347449251405,-11.7917885269479
0.5395,-50.2569788801698,-11.2586151806335
0.54,-25.4417192218192,-10.5458462769043
0.5405,2.39125320114194e-12,5.09843184580664e-09
0.541,25.4417192218193,8.95290510719284
0.5415,50.2569788801699,8.41355562995791
0.542,73.8347449251406,8.20313759826245
0.5425,95.5944545065888,8.22855611480677
0.543,115.000311358272,8.4474720319212
0.5435,131.57447888017,8.81675583506019
0.544,144.908846061375,9.29317099917967
0.5445,154.675076527663,9.83409605410744
0.545,160.63269327269,10.3982641423496
0.5455,162.635,10.9464987495016
0.546,160.63269327269,11.4424246779261
0.5465,154.675076527661,11.8531342119788
0.547,144.908846061376,12.1497897688852
0.5475,131.574478880168,12.3081461126928
0.548,115.000311358273,12.308977387832
0.5485,95.5944545065863,12.1383967520501
0.549,73.834744925142,11.7880591955103
0.5495,50.256978880167,11.255241156176
0.55,25.4417192218163,10.5427937082712
0.5505,-6.37949390468844e-13,2.06844862496601e-09
0.551,-25.4417192218176,-8.95039722102899
0.5515,-50.2569788801726,-8.41128369017104
0.552,-73.834744925139,-8.20108211568685
0.5525,-95.5944545065873,-8.22669646700307
0.553,-115.000311358274,-8.44578956120125
0.5535,-131.574478880172,-8.81523366129177
0.554,-144.908846061374,-9.29179385042696
0.5545,-154.675076527663,-9.83285011340795
0.555,-160.63269327269,-10.3971369090903
0.5555,-162.635,-10.9454789140032
0.556,-160.63269327269,-11.4415020079776
0.5565,-154.675076527662,-11.8522994501834
0.557,-144.908846061375,-12.1490345397876
0.5575,-131.574478880167,-12.3074628387559
0.558,-115.000311358275,-12.3083592134202
0.5585,-95.594454506584,-12.1378374746555
0.559,-73.8347449251395,-11.7875532035324
0.5595,-50.2569788801687,-11.2547833726301
0.56,-25.4417192218181,-10.5423795398604
0.5605,3.50701029300951e-12,6.21330211871617e-09
0.561,25.4417192218158,8.9500569540784
0.5615,50.256978880171,8.41097543558506
0.562,73.8347449251416,8.20080322884755
0.5625,95.5944545065897,8.22644414966857
0.563,115.000311358273,8.44556128175609
0.5635,131.574478880171,8.8150271293503
0.564,144.908846061376,9.29160699385549
0.5645,154.675076527664,9.83268105753512
0.565,160.63269327269,10.3969839578971
0.5655,162.635,10.9453405331041
0.566,160.63269327269,11.4413768092219
0.5665,154.675076527661,11.8521861777223
0.567,144.908846061375,12.1489320574678
0.5675,131.574478880168,12.3073701187131
0.568,115.000311358273,12.3082753257581
0.5685,95.5944545065854,12.1377615781075
0.569,73.834744925141,11.7874845370116
0.5695,50.256978880166,11.254721247584
0.57,25.4417192218152,10.5423233333535
0.5705,-1.75370648233642e-12,9.52569300755086e-10
0.571,-25.4417192218187,-8.95001077701586
0.5715,-50.2569788801737,-8.41093360342387
0.572,-73.83474492514,-8.20076538304244
0.5725,-95.5944545065882,-8.2264099106889
0.573,-115.000311358275,-8.44553030620321
0.5735,-131.574478880172,-8.81499910650925
0.574,-144.908846061375,-9.29158164257604
0.5745,-154.675076527663,-9.83265812341096
0.575,-160.632693272691,-10.3969632107148
0.5755,-162.635,-10.9453217645364
0.576,-160.63269327269,-11.4413598307413
0.5765,-154.675076527661,-11.8521708187157
0.577,-144.908846061374,-12.148918163531
0.5775,-131.574478880171,-12.3073575501092
0.578,-115.000311358274,-12.3082639560239
0.5785,-95.5944545065868,-12.1377512927937
0.579,-73.8347449251385,-11.7874752325438
0.5795,-50.256978880172,-11.2547128302331
0.58,-25.4417192218169,-10.5423157183044
0.5805,4.0267166332619e-16,2.70667598310726e-09
0.581,25.4417192218169,8.95000452045868
0.5815,50.2569788801676,8.41092793500305
0.582,73.8347449251426,8.20076025382713
0.5825,95.5944545065831,8.22640526904221
0.583,115.000311358274,8.44552610543525
0.5835,131.574478880169,8.8149953044117
0.584,144.908846061376,9.29157820100015
0.5845,154.675076527661,9.83265500788491
0.585,160.63269327269,10.3969603900964
0.5855,162.635,10.9453192106977
0.586,160.63269327269,11.4413575182824
0.5865,154.675076527663,11.8521687247042
0.587,144.908846061375,12.1489162672653
0.5875,131.57447888017,12.3073558329035
0.588,115.000311358272,12.308262401012
0.5885,95.5944545065882,12.1377498847513
0.589,73.83474492514,11.787473957726
0.5895,50.2569788801693,11.2547116762273
0.59,25.4417192218187,10.5423146738965
0.5905,1.75290113900976e-12,4.45917256043434e-09
0.591,-25.4417192218198,-8.95000366270377
0.5915,-50.2569788801704,-8.41092715844058
0.592,-73.834744925141,-8.2007595521005
0.5925,-95.5944545065854,-8.2264046352863
0.593,-115.000311358276,-8.44552553341157
0.5935,-131.574478880168,-8.81499478844278
0.594,-144.908846061375,-9.29157773591115
0.5945,-154.675076527662,-9.83265458895161
0.595,-160.632693272691,-10.3969600129993
0.5955,-162.635,-10.9453188714813
0.596,-160.63269327269,-11.4413572133202
0.5965,-154.675076527662,-11.8521684506674
0.597,-144.908846061374,-12.1489160210962
0.5975,-131.574478880171,-12.3073556117924
0.598,-115.000311358273,-12.3082622023774
0.5985,-95.5944545065859,-12.1377497062229
0.599,-73.8347449251416,-11.7874737971302
0.5995,-50.256978880171,-11.254711531575
0.6,-25.4417192218158,-10.542314543372
0.6005,1.1161597635309e-12,3.82243059717304e-09
0.601,25.4417192218181,8.95000355517192
0.6015,50.2569788801687,8.410927060532
0.602,73.8347449251436,8.20075946267028
0.6025,95.594454506584,8.2264045532619
0.603,115.000311358275,8.44552545785007
0.6035,131.574478880169,8.81499471852444
0.604,144.908846061377,9.29157767093261
0.6045,154.675076527662,9.83265452831893
0.605,160.63269327269,10.3969599562205
0.6055,162.635,10.9453188181588
0.606,160.63269327269,11.4413571631422
0.6065,154.675076527663,11.8521684033995
0.607,144.908846061374,12.1489159765725
0.6075,131.574478880169,12.3073555699061
0.608,115.000311358271,12.3082621630714
0.6085,95.5944545065873,12.1377496694802
0.609,73.834744925139,11.7874737629646
0.6095,50.2569788801682,11.2547115000216
0.61,25.4417192218176,10.5423145144785
0.6105,6.37144047142192e-13,3.3434132256084e-09
0.611,-25.4417192218209,-8.95000353173431
0.6115,-50.256978880167,-8.41092703979602
0.612,-73.834744925142,-8.20075944476287
0.6125,-95.5944545065863,-8.22640453817842
0.613,-115.000311358277,-8.44552544555877
0.6135,-131.574478880168,-8.8149947089632
0.614,-144.908846061376,-9.29157766400684
0.6145,-154.675076527662,-9.83265452390058
0.615,-160.632693272691,-10.3969599541482
0.6155,-162.635,-10.9453188182392
0.616,-160.63269327269,-11.4413571651523
0.6165,-154.675076527662,-11.8521684070896
0.617,-144.908846061373,-12.1489159816708
0.6175,-131.57447888017,-12.3073555761232
0.618,-115.000311358272,-12.3082621701062
0.6185,-95.594454506585,-12.1377496770252
0.619,-73.8347449251406,-11.7874737707129
0.6195,-50.2569788801699,-11.2547115076727
0.62,-25.4417192218147,-10.5423145217447
0.6205,2.23191685539847e-12,4.93818550553839e-09
0.621,25.4417192218192,8.95000353740127
0.6215,50.2569788801698,8.41092704443325
0.622,73.8347449251446,8.20075944810533
0.6225,95.5944545065849,8.22640454008462
0.623,115.000311358275,8.44552544592825
0.6235,131.57447888017,8.81499470773846
0.624,144.908846061377,9.29157766117426
0.6245,154.675076527662,9.83265451949029
0.625,160.632693272691,10.396959948233
0.6255,162.635,10.9453188109323
0.626,160.632693272689,11.4413571566042
0.6265,154.675076527662,11.8521683974844
0.627,144.908846061374,12.148915971221
0.6275,131.574478880168,12.3073555650644
0.628,115.000311358274,12.3082621586911
0.6285,95.5944545065864,12.1377496655171
0.629,73.8347449251381,11.7874737593791
0.6295,50.2569788801672,11.2547114967777
0.63,25.4417192218165,10.5423145115437
0.6305,-4.78613044725381e-13,2.22765447824629e-09
0.631,-25.441719221822,-8.9500035293246
0.6315,-50.2569788801681,-8.41092703761458
0.632,-73.834744925143,-8.20075944279088
0.6325,-95.5944545065872,-8.22640453639596
0.633,-115.000311358277,-8.44552544394776
0.6335,-131.574478880169,-8.81499470750725
0.634,-144.908846061376,-9.29157766269108
0.6345,-154.675076527663,-9.83265452271152
0.635,-160.632693272691,-10.3969599530737
0.6355,-162.635,-10.945318817268
0.636,-160.63269327269,-11.4413571642743
0.6365,-154.675076527662,-11.8521684062959
0.637,-144.908846061373,-12.1489159809529
0.6375,-131.574478880169,-12.3073555754738
0.638,-115.000311358271,-12.3082621695184
0.6385,-95.5944545065841,-12.137749676493
0.639,-73.8347449251396,-11.7874737702307
0.6395,-50.2569788801689,-11.2547115072354
0.64,-25.4417192218136,-10.5423145213479
0.6405,-1.27469076594771e-12,1.43157565578199e-09
0.641,25.4417192218157,8.95000353707118
0.6415,50.2569788801708,8.41092704413112
0.642,73.8347449251415,8.20075944782875
0.6425,95.5944545065858,8.22640453983111
0.643,115.000311358273,8.44552544569564
0.6435,131.574478880171,8.81499470752487
0.644,144.908846061374,9.29157766097807
0.6445,154.675076527662,9.8326545193101
0.645,160.63269327269,10.3969599480676
0.6455,162.635,10.9453188107807
0.646,160.632693272691,11.4413571564655
0.6465,154.675076527662,11.8521683973579
0.647,144.908846061375,12.148915971106
0.6475,131.574478880168,12.3073555649603
0.648,115.000311358276,12.3082621585973
0.6485,95.5944545065855,12.1377496654333
0.649,73.8347449251412,11.7874737593047
0.6495,50.2569788801705,11.2547114967123
0.65,25.4417192218199,10.5423145114868
0.6505,-1.59437013659295e-12,1.11189518408672e-09
0.651,-25.4417192218185,-8.95000352928172
0.6515,-50.2569788801692,-8.41092703757727
0.652,-73.8347449251399,-8.20075944275873
0.6525,-95.5944545065881,-8.2264045363685
0.653,-115.000311358272,-8.44552544392452
0.6535,-131.57447888017,-8.81499470748776
0.654,-144.908846061375,-9.29157766267491
0.6545,-154.675076527663,-9.83265452269824
0.655,-160.63269327269,-10.3969599530628
0.6555,-162.635,-10.9453188172592
0.656,-160.63269327269,-11.4413571642671
0.6565,-154.675076527661,-11.8521684062899
0.657,-144.908846061376,-12.1489159809478
0.6575,-131.574478880169,-12.3073555754692
0.658,-115.000311358274,-12.308262169514
0.6585,-95.5944545065832,-12.1377496764885
0.659,-73.8347449251427,-11.7874737702259
0.6595,-50.2569788801678,-11.2547115072302
0.66,-25.4417192218171,-10.5423145213421
0.6605,-1.58933674080138e-13,2.54733111719767e-09
0.661,25.4417192218168,8.95000353705655
0.6615,50.2569788801719,8.41092704410859
0.662,73.8347449251383,8.20075944779868
0.6625,95.5944545065867,8.22640453979408
0.663,115.000311358274,8.44552544565242
0.6635,131.574478880171,8.81499470747639
0.664,144.908846061374,9.29157766092539
0.6645,154.675076527663,9.83265451925441
0.665,160.63269327269,10.3969599480102
0.6655,162.635,10.9453188107228
0.666,160.632693272691,11.4413571564086
0.6665,154.675076527662,11.8521683973032
0.667,144.908846061375,12.1489159710548
0.6675,131.574478880167,12.3073555649138
0.668,115.000311358275,12.3082621585566
0.6685,95.5944545065846,12.1377496653994
0.669,73.8347449251402,11.7874737592783
0.6695,50.2569788801695,11.254711496694
0.67,25.4417192218188,10.5423145114771
0.6705,-2.71012722846053e-12,-3.86301499412362e-12
0.671,-25.4417192218196,-8.95000352928234
0.6715,-50.2569788801702,-8.41092703757939
0.672,-73.8347449251409,-8.20075944276227
0.6725,-95.594454506589,-8.22640453637335
0.673,-115.000311358272,-8.44552544393054
0.6735,-131.57447888017,-8.81499470749478
0.674,-144.908846061375,-9.29157766268274
0.6745,-154.675076527663,-9.83265452270666
0.675,-160.63269327269,-10.3969599530716
0.6755,-162.635,-10.9453188172681
0.676,-160.63269327269,-11.441357164276
0.6765,-154.675076527661,-11.8521684062984
0.677,-144.908846061376,-12.1489159809558
0.6775,-131.574478880168,-12.3073555754765
0.678,-115.000311358273,-12.3082621695204
0.6785,-95.5944545065861,-12.1377496764938
0.679,-73.8347449251417,-11.78747377023
0.6795,-50.2569788801667,-11.2547115072329
0.68,-25.441719221816,-10.5423145213434
0.6805,9.56823417787435e-13,3.66308822121301e-09
0.681,25.4417192218179,8.95000353705644
0.6815,50.256978880173,8.41092704410851
0.682,73.8347449251393,8.20075944779862
0.6825,95.5944545065876,8.22640453979403
0.683,115.000311358275,8.44552544565239
0.6835,131.574478880172,8.81499470747637
0.684,144.908846061375,9.29157766092537
0.6845,154.675076527663,9.8326545192544
0.685,160.63269327269,10.3969599480102
0.6855,162.635,10.9453188107228
0.686,160.63269327269,11.4413571564086
0.6865,154.675076527661,11.8521683973032
0.687,144.908846061374,12.1489159710548
0.6875,131.574478880166,12.3073555649138
0.688,115.000311358274,12.3082621585566
0.6885,95.5944545065837,12.1377496653993
0.689,73.8347449251392,11.7874737592783
0.6895,50.2569788801684,11.254711496694
0.69,25.4417192218177,10.5423145114771
0.6905,-3.8258843203281e-12,-1.1196201190095e-09
0.691,-25.4417192218162,-8.95000352928228
0.6915,-50.2569788801713,-8.41092703757933
0.692,-73.8347449251419,-8.20075944276223
0.6925,-95.5944545065899,-8.22640453637332
0.693,-115.000311358273,-8.44552544393052
0.6935,-131.574478880171,-8.81499470749477
0.694,-144.908846061376,-9.29157766268274
0.6945,-154.675076527664,-9.83265452270667
0.695,-160.63269327269,-10.3969599530716
0.6955,-162.635,-10.9453188172681
0.696,-160.63269327269,-11.441357164276
0.6965,-154.675076527661,-11.8521684062984
0.697,-144.908846061375,-12.1489159809558
0.6975,-131.574478880168,-12.3073555754765
0.698,-115.000311358272,-12.3082621695203
0.6985,-95.5944545065852,-12.1377496764938
0.699,-73.8347449251408,-11.78747377023
0.6995,-50.2569788801657,-11.2547115072329
0.7,-50.8834384436389,-10.6639115008098
0.7005,4.14516101931002e-12,6.89854732086367e-09
0.701,50.883438443638,9.3387003696178
0.7015,100.513957760348,9.06600863485256
0.702,147.669489850281,9.38460241687501
0.7025,191.188909013177,10.1044209940557
0.703,230.000622716551,11.1474979493903
0.7035,263.148957760345,12.4336466658767
0.704,289.81769212275,13.8818879636577
0.7045,309.350153055324,15.4119493506511
0.705,321.265386545381,16.9457940065696
0.7055,325.27,18.4091373609966
0.706,321.26538654538,19.7329098595032
0.7065,309.350153055325,20.8546262239013
0.707,289.817692122748,21.7196241653564
0.7075,263.148957760343,22.2821390404232
0.708,230.000622716547,22.506185266349
0.7085,191.188909013173,22.3662203295589
0.709,147.669489850276,21.8475728091455
0.7095,100.513957760343,20.9466218601993
0.71,50.8834384436333,19.6707219137512
0.7105,-6.38553397963834e-13,4.41317642371107e-09
0.711,-50.8834384436345,-16.7383891215222
0.7115,-100.513957760336,-15.7695229875668
0.712,-147.669489850286,-15.4494473939006
0.7125,-191.188909013167,-15.5914450630251
0.713,-230.000622716548,-16.1117523123116
0.7135,-263.148957760338,-16.9249375867275
0.714,-289.817692122753,-17.9452764736235
0.7145,-309.350153055323,-19.0882033445421
0.715,-321.265386545381,-20.27179726629
0.7155,-325.27,-21.4182596097901
0.716,-321.265386545379,-22.4553415597217
0.7165,-309.350153055326,-23.3176814773157
0.717,-289.817692122749,-23.9480147550022
0.7175,-263.148957760339,-24.2982223634364
0.718,-230.000622716543,-24.3301886452976
0.7185,-191.188909013176,-24.0164439527799
0.719,-147.66948985028,-23.3405733361842
0.7195,-100.513957760338,-22.2973785344595
0.72,-50.8834384436367,-20.8927868489604
0.7205,-2.86805422338235e-12,2.49552240858123e-09
0.721,50.8834384436402,17.742396060011
0.7215,100.513957760341,16.6790713671449
0.722,147.669489850283,16.2723396288795
0.7225,191.188909013171,16.335937214249
0.723,230.000622716552,16.7853138542786
0.7235,263.148957760336,17.5343263486818
0.724,289.817692122751,18.4966064407229
0.7245,309.350153055324,19.5870059993476
0.725,321.265386545381,20.7230770860157
0.7255,325.27,21.8265442761159
0.726,321.26538654538,22.8247273849239
0.7265,309.350153055324,23.6518745024738
0.727,289.817692122747,24.2503679326211
0.7275,263.148957760341,24.5717691975356
0.728,230.000622716546,24.5776736264788
0.7285,191.188909013171,24.240350093628
0.729,147.669489850283,23.5431470832634
0.7295,100.513957760341,22.4806523068475
0.73,50.8834384436311,21.0585994294495
0.7305,-2.87006758169898e-12,2.53581868107357e-09
0.731,-50.8834384436367,-17.878622030865
0.7315,-100.513957760338,-16.8024809846303
0.732,-147.669489850288,-16.3839915432167
0.7325,-191.188909013169,-16.4369516271874
0.733,-230.00062271655,-16.8767042416187
0.7335,-263.148957760339,-17.6170096284513
0.734,-289.817692122754,-18.5714121725945
0.7345,-309.350153055323,-19.6546847075941
0.735,-321.265386545381,-20.7843077895082
0.7355,-325.27,-21.8819413009125
0.736,-321.265386545379,-22.8748465277991
0.7365,-309.350153055325,-23.6972186072281
0.737,-289.817692122748,-24.2913919351155
0.7375,-263.148957760338,-24.60888469007
0.738,-230.000622716542,-24.6112529873058
0.7385,-191.188909013174,-24.2707302230348
0.739,-147.669489850278,-23.5706327837042
0.7395,-100.513957760336,-22.5055193410394
0.74,-50.8834384436345,-21.0810972871129
0.7405,-6.36540039647203e-13,4.77508940614366e-09
0.741,50.8834384436424,17.8971055039737
0.7415,100.513957760335,16.8192255023619
0.742,147.669489850285,16.399140745125
0.7425,191.188909013173,16.4506575045645
0.743,230.000622716554,16.8891043050229
0.7435,263.148957760337,17.6282282873539
0.744,289.817692122752,18.5815619835799
0.7445,309.350153055325,19.6638675036382
0.745,321.265386545382,20.7926157016626
0.7455,325.27,21.8894576826483
0.746,321.26538654538,22.8816467912813
0.7465,309.350153055324,23.7033709799131
0.747,289.817692122746,24.2969581442626
0.7475,263.14895776034,24.6139205820337
0.748,230.000622716544,24.6158090878249
0.7485,191.18890901317,24.2748522441371
0.749,147.669489850281,23.5743620823162
0.7495,100.513957760339,22.5088933339003
0.75,50.8834384436288,21.0841498261573
0.7505,4.14314766099339e-12,9.55555391134433e-09
0.751,-50.8834384436389,-17.8996133668078
0.7515,-100.51395776034,-16.821497422547
0.752,-147.66948985029,-16.4011962125705
0.7525,-191.18890901317,-16.4525171420789
0.753,-230.000622716551,-16.8907867705445
0.7535,-263.14895776034,-17.6297504611402
0.754,-289.817692122755,-18.5829391375636
0.7545,-309.350153055324,-19.6651134546505
0.755,-321.265386545381,-20.7937429500606
0.7555,-325.27,-21.8904775377365
0.756,-321.265386545379,-22.8825694847864
0.7565,-309.350153055325,-23.7042057686503
0.757,-289.817692122747,-24.2977134030222
0.7575,-263.148957760336,-24.6146038876211
0.758,-230.000622716547,-24.6164272950951
0.7585,-191.188909013172,-24.2754115547879
0.759,-147.669489850276,-23.5748681071281
0.7595,-100.513957760334,-22.5093511490485
0.76,-50.8834384436323,-21.0845640241596
0.7605,1.59497414408794e-12,7.00748606107508e-09
0.761,50.8834384436446,17.8999536570823
0.7615,100.513957760337,16.8218056967233
0.762,147.669489850287,16.4014751145231
0.7625,191.188909013175,16.452769469681
0.763,230.000622716555,16.8910150551619
0.7635,263.148957760338,17.629956993034
0.764,289.817692122753,18.5831259888713
0.7645,309.350153055326,19.6652825001754
0.765,321.265386545382,20.7938958860787
0.7655,325.27,21.890615899009
0.766,321.265386545379,22.8826946599491
0.7665,309.350153055323,23.7043190141346
0.767,289.817692122745,24.2978158556471
0.7675,263.148957760339,24.6146965759835
0.768,230.000622716542,24.6165111498726
0.7685,191.188909013168,24.2754874180579
0.769,147.669489850287,23.5749367407982
0.7695,100.513957760337,22.509413242481
0.77,50.8834384436358,21.0846202010693
0.7705,1.91163347725824e-12,7.32415535260787e-09
0.771,-50.883438443632,-17.8999998108238
0.7715,-100.513957760342,-16.8218475092999
0.772,-147.669489850283,-16.4015129452234
0.7725,-191.188909013172,-16.4528036984039
0.773,-230.000622716546,-16.8910460255557
0.7735,-263.148957760342,-17.6299850159377
0.774,-289.817692122747,-18.583151345431
0.7745,-309.350153055325,-19.665305444665
0.775,-321.26538654538,-20.7939166484543
0.7755,-325.27,-21.8906346872217
0.776,-321.265386545381,-22.8827116620409
0.7765,-309.350153055324,-23.7043344001355
0.777,-289.817692122751,-24.2978297792953
0.7775,-263.148957760335,-24.6147091762829
0.778,-230.000622716552,-24.6165225525046
0.7785,-191.188909013171,-24.2754977366606
0.779,-147.669489850282,-23.5749460781252
0.7795,-100.51395776034,-22.5094216914514
0.78,-50.8834384436392,-21.0846278457189
0.7805,3.82648832782309e-12,9.23901436486354e-09
0.781,50.8834384436377,17.9000060906964
0.7815,100.513957760339,16.8218531972941
0.782,147.66948985028,16.4015180895269
0.7825,191.188909013177,16.4528083502856
0.783,230.000622716544,16.8910502314566
0.7835,263.14895776034,17.6299888179426
0.784,289.81769212275,18.5831547816936
0.7845,309.350153055326,19.6653085497903
0.785,321.26538654538,20.7939194538428
0.7855,325.27,21.8906372213783
0.786,321.26538654538,22.882713950852
0.7865,309.350153055322,23.7043364671174
0.787,289.817692122752,24.2978316458167
0.7875,263.148957760337,24.6147108617633
0.788,230.000622716547,24.6165240745926
0.7885,191.188909013166,24.2754991113925
0.789,147.669489850285,23.5749473200671
0.7895,100.513957760335,22.5094228138263
0.79,50.8834384436336,21.0846288605205
0.7905,-3.19880706476906e-13,5.09264335428237e-09
0.791,-50.8834384436342,-17.9000069251389
0.7915,-100.513957760344,-16.821853954289
0.792,-147.669489850277,-16.4015187761737
0.7925,-191.188909013174,-16.4528089738174
0.793,-230.000622716548,-16.8910507983604
0.7935,-263.148957760343,-17.6299893340191
0.794,-289.817692122748,-18.5831552521124
0.7945,-309.350153055325,-19.665308979142
0.795,-321.265386545381,-20.7939198461882
0.7955,-325.27,-21.8906375802953
0.796,-321.265386545381,-22.8827142794803
0.7965,-309.350153055323,-23.7043367682015
0.797,-289.81769212275,-24.2978319217466
0.7975,-263.148957760334,-24.6147111146147
0.798,-230.00062271655,-24.6165243061641
0.7985,-191.188909013169,-24.2754993232423
0.799,-147.66948985028,-23.5749475135472
0.7995,-100.513957760338,-22.5094229901152
0.8,-50.883438443637,-21.084629020654
0.8005,6.05800251155824e-12,1.14705255875167e-08
0.801,50.8834384436399,17.9000070559773
0.8015,100.513957760341,16.8218540717536
0.802,147.669489850282,16.4015188806669
0.8025,191.188909013179,16.4528090660442
0.803,230.000622716545,16.8910508790157
0.8035,263.148957760341,17.6299894038
0.804,289.817692122751,18.5831553117283
0.8045,309.350153055327,19.6653090293213
0.805,321.26538654538,20.7939198876823
0.8055,325.27,21.8906376138803
0.806,321.26538654538,22.8827143059557
0.8065,309.350153055322,23.704336788387
0.807,289.817692122751,24.2978319364765
0.8075,263.148957760336,24.6147111247308
0.808,230.000622716546,24.616524312507
0.8085,191.188909013172,24.2754993266419
0.809,147.669489850283,23.5749475148117
0.8095,100.513957760333,22.5094229900206
0.81,50.8834384436314,21.0846290199327
0.8105,-2.55139489021205e-12,2.86112480667075e-09
0.811,-50.8834384436364,-17.9000070561055
0.8115,-100.513957760347,-16.8218540729279
0.812,-147.669489850279,-16.401518883503
0.8125,-191.188909013176,-16.4528090709145
0.813,-230.000622716549,-16.8910508862002
0.8135,-263.148957760344,-17.6299894134838
0.814,-289.817692122749,-18.5831553240003
0.8145,-309.350153055326,-19.6653090441755
0.815,-321.265386545381,-20.793919905021
0.8155,-325.27,-21.890637633519
0.816,-321.265386545379,-22.8827143276301
0.8165,-309.350153055323,-23.7043368117618
0.817,-289.817692122749,-24.2978319611556
0.8175,-263.148957760338,-24.6147111502689
0.818,-230.000622716548,-24.6165243384223
0.8185,-191.188909013174,-24.2754993524291
0.819,-147.669489850286,-23.5749475399562
0.8195,-100.513957760327,-22.5094230140119
0.82,-50.8834384436257,-21.0846290422784
0.8205,8.28951669529338e-12,1.37020354208061e-08
0.821,50.8834384436421,17.9000070737421
0.8215,100.513957760343,16.8218540878409
0.822,147.669489850284,16.4015188952151
0.8225,191.188909013173,16.4528090791998
0.823,230.000622716547,16.8910508909114
0.8235,263.148957760348,17.6299894145561
0.824,289.817692122748,18.5831553214537
0.8245,309.350153055328,19.6653090381148
0.825,321.265386545382,20.7939198956333
0.8255,325.27,21.8906376210699
0.826,321.26538654538,22.8827143124573
0.8265,309.350153055324,23.704336794267
0.827,289.81769212275,24.2978319417952
0.8275,263.14895776034,24.6147111295426
0.828,230.000622716551,24.6165243168614
0.8285,191.188909013162,24.2754993305833
0.829,147.669489850273,23.5749475183804
0.8295,100.513957760331,22.509422993253
0.83,50.8834384436292,21.0846290228616
0.8305,-4.7829090739472e-12,6.29606219128021e-10
0.831,-50.8834384436386,-17.9000070585108
0.8315,-100.51395776034,-16.8218540751007
0.832,-147.669489850281,-16.4015188854623
0.8325,-191.188909013185,-16.4528090726806
0.833,-230.000622716545,-16.8910508877916
0.8335,-263.148957760335,-17.6299894149173
0.834,-289.817692122755,-18.5831553252913
0.8345,-309.350153055321,-19.6653090453382
0.835,-321.265386545381,-20.7939199060682
0.8355,-325.27,-21.8906376344625
0.836,-321.26538654538,-22.8827143284806
0.8365,-309.350153055325,-23.7043368125291
0.837,-289.817692122752,-24.2978319618488
0.8375,-263.148957760342,-24.614711150896
0.838,-230.00062271654,-24.6165243389905
0.8385,-191.18890901318,-24.2754993529451
0.839,-147.669489850276,-23.5749475404259
0.8395,-100.513957760334,-22.5094230144406
0.84,-50.8834384436326,-21.0846290426709
0.8405,1.27630145260102e-12,6.68881572159812e-09
0.841,50.8834384436351,17.9000070740635
0.8415,100.513957760336,16.8218540881259
0.842,147.669489850278,16.4015188954664
0.8425,191.188909013167,16.4528090794205
0.843,230.000622716555,16.8910508911046
0.8435,263.148957760333,17.6299894147246
0.844,289.817692122753,18.5831553216003
0.8445,309.350153055326,19.665309038242
0.845,321.265386545381,20.7939198957437
0.8455,325.27,21.8906376211658
0.846,321.265386545381,22.882714312541
0.8465,309.350153055326,23.7043367943406
0.847,289.817692122745,24.2978319418606
0.8475,263.148957760344,24.6147111296017
0.848,230.000622716543,24.6165243169158
0.8485,191.188909013168,24.2754993306344
0.849,147.669489850279,23.5749475184296
0.8495,100.513957760337,22.5094229933013
0.85,50.8834384436361,21.08462902291
0.8505,2.23030616874517e-12,7.64281715792965e-09
0.851,-50.8834384436317,-17.9000070585582
0.8515,-100.513957760333,-16.8218540751467
0.852,-147.669489850291,-16.4015188855072
0.8525,-191.188909013164,-16.4528090727244
0.853,-230.000622716553,-16.8910508878344
0.8535,-263.148957760342,-17.6299894149592
0.854,-289.817692122751,-18.5831553253322
0.8545,-309.350153055325,-19.6653090453779
0.855,-321.26538654538,-20.7939199061064
0.8555,-325.27,-21.8906376344991
0.856,-321.265386545378,-22.8827143285152
0.8565,-309.350153055327,-23.7043368125615
0.857,-289.817692122747,-24.2978319618786
0.8575,-263.148957760335,-24.614711150923
0.858,-230.000622716545,-24.6165243390145
0.8585,-191.188909013171,-24.2754993529658
0.859,-147.669489850282,-23.5749475404432
0.8595,-100.513957760341,-22.5094230144544
0.86,-50.8834384436396,-21.0846290426812
0.8605,-5.73691379009135e-12,-3.24402882644329e-10
0.861,50.8834384436465,17.9000070740639
0.8615,100.51395776033,16.82185408812
0.862,147.669489850288,16.4015188954547
0.8625,191.188909013176,16.4528090794035
0.863,230.00062271655,16.8910508910827
0.8635,263.148957760339,17.6299894146986
0.864,289.81769212275,18.5831553215708
0.8645,309.350153055324,19.66530903821
0.865,321.265386545382,20.79391989571
0.8655,325.27,21.8906376211315
0.866,321.265386545379,22.8827143125068
0.8665,309.350153055322,23.7043367943076
0.867,289.817692122748,24.2978319418296
0.8675,263.148957760337,24.6147111295735
0.868,230.000622716548,24.6165243168912
0.8685,191.188909013174,24.2754993306141
0.869,147.669489850285,23.5749475184142
0.8695,100.513957760344,22.5094229932912
0.87,50.8834384436248,21.0846290229054
0.8705,-9.24593744141749e-12,-3.83343095744109e-09
0.871,-50.883438443643,-17.9000070585592
0.8715,-100.513957760344,-16.8218540751476
0.872,-147.669489850285,-16.4015188855081
0.8725,-191.188909013174,-16.4528090727253
0.873,-230.000622716548,-16.8910508878352
0.8735,-263.148957760337,-17.6299894149599
0.874,-289.817692122757,-18.5831553253328
0.8745,-309.350153055322,-19.6653090453784
0.875,-321.265386545382,-20.793919906107
0.8755,-325.27,-21.8906376344995
0.876,-321.26538654538,-22.8827143285157
0.8765,-309.350153055324,-23.7043368125619
0.877,-289.81769212275,-24.297831961879
0.8775,-263.148957760339,-24.6147111509234
0.878,-230.00062271655,-24.6165243390149
0.8785,-191.188909013176,-24.2754993529662
0.879,-147.669489850272,-23.5749475404435
0.8795,-100.51395776033,-22.5094230144546
0.88,-50.8834384436282,-21.0846290426813
0.8805,5.73932982007131e-12,1.1151836472205e-08
0.881,50.8834384436396,17.9000070740581
0.8815,100.513957760341,16.8218540881086
0.882,147.669489850282,16.4015188954379
0.8825,191.188909013171,16.4528090793817
0.883,230.000622716558,16.8910508910565
0.8835,263.148957760335,17.6299894146687
0.884,289.817692122755,18.5831553215379
0.8845,309.350153055327,19.6653090381749
0.885,321.265386545381,20.7939198956736
0.8855,325.27,21.8906376210945
0.886,321.26538654538,22.8827143124704
0.8865,309.350153055325,23.7043367942725
0.887,289.817692122743,24.2978319417967
0.8875,263.148957760342,24.6147111295437
0.888,230.00062271654,24.616524316865
0.8885,191.188909013164,24.2754993305923
0.889,147.669489850275,23.5749475183973
0.8895,100.513957760333,22.5094229932795
0.89,50.8834384436317,21.0846290228993
0.8905,-2.23272219872512e-12,3.17977998134666e-09
0.891,-50.8834384436361,-17.900007058559
0.8915,-100.513957760337,-16.8218540751474
0.892,-147.669489850295,-16.4015188855079
0.8925,-191.188909013168,-16.4528090727251
0.893,-230.000622716556,-16.8910508878351
0.8935,-263.148957760344,-17.6299894149599
0.894,-289.817692122753,-18.5831553253328
0.8945,-309.350153055326,-19.6653090453784
0.895,-321.265386545381,-20.793919906107
0.8955,-325.27,-21.8906376344995
0.896,-321.265386545378,-22.8827143285157
0.8965,-309.350153055326,-23.7043368125619
0.897,-289.817692122753,-24.297831961879
0.8975,-263.148957760333,-24.6147111509234
0.898,-230.000622716555,-24.6165243390149
0.8985,-191.188909013167,-24.2754993529662
0.899,-147.669489850278,-23.5749475404435
0.8995,-100.513957760336,-22.5094230144547
0.9,-25.4417192218176,-20.9630320632179
0.9005,-6.36942711310529e-13,4.72843826606643e-09
0.901,25.4417192218163,17.5113102415156
0.9015,50.256978880167,16.1667724974018
0.902,73.8347449251379,15.2176759264161
0.9025,95.59445450659,14.5747926251908
0.903,115.00031135827,14.1890783874036
0.9035,131.574478880171,14.0113374563656
0.904,144.908846061376,13.9928450189127
0.9045,154.675076527662,14.0860142068925
0.905,160.63269327269,14.2450858372329
0.9055,162.635,14.4268190709409
0.906,160.632693272691,14.5911616094944
0.9065,154.675076527661,14.7018789677886
0.907,144.908846061377,14.7271237476021
0.9075,131.574478880167,14.6399276541316
0.908,115.000311358272,14.4186012091577
0.9085,95.594454506585,14.0470286665036
0.909,73.8347449251406,13.5148484685849
0.9095,50.2569788801699,12.8175126298117
0.91,25.4417192218193,11.9562216206444
0.9105,2.39024652198362e-12,5.45729207347138e-09
0.911,-25.4417192218146,-10.1116214663221
0.9115,-50.2569788801742,-9.46325812516586
0.912,-73.8347449251363,-9.15283093437795
0.9125,-95.5944545065886,-9.08776854608424
0.913,-115.000311358275,-9.22482401946701
0.9135,-131.57447888017,-9.52004653574199
0.914,-144.908846061375,-9.92945651440839
0.9145,-154.675076527662,-10.4097602235604
0.915,-160.63269327269,-10.9190825929066
0.9155,-162.635,-11.4176968419958
0.916,-160.632693272691,-11.8687299330881
0.9165,-154.675076527661,-12.2388237415621
0.917,-144.908846061374,-12.498733187849
0.9175,-131.574478880168,-12.6238443629783
0.918,-115.000311358274,-12.5945978632506
0.9185,-95.5944545065864,-12.3968050766909
0.919,-73.8347449251422,-12.0218479744975
0.9195,-50.2569788801716,-11.4667559872338
0.92,-25.441719221821,-10.7341567150673
0.9205,5.1011790937708e-12,7.8563817846326e-09
0.921,25.441719221822,9.10761455111669
0.9215,50.2569788801725,8.55370976509807
0.922,73.834744925143,8.32993871439495
0.9225,95.5944545065872,8.34327640497582
0.923,115.000311358274,8.55126248248924
0.9235,131.574478880169,8.91065777353063
0.924,144.908846061374,9.37812654181457
0.9245,154.675076527664,9.91095755816081
0.925,160.63269327269,10.4678027577503
0.9255,162.635,11.0094121557846
0.926,160.63269327269,11.4993440840372
0.9265,154.675076527662,11.9046306891809
0.927,144.908846061375,12.1963799803044
0.9275,131.574478880169,12.3502974969892
0.928,115.000311358275,12.3471128490017
0.9285,95.5944545065879,12.1728989024128
0.929,73.8347449251437,11.8192741944501
0.9295,50.2569788801645,11.283482183152
0.93,25.4417192218136,10.5683441049402
0.9305,-3.34787528309771e-12,-6.34986448696082e-10
0.931,-25.4417192218203,-8.97138855698225
0.9315,-50.2569788801708,-8.43030012810806
0.932,-73.8347449251415,-8.21828678507032
0.9325,-95.5944545065858,-8.24226198193277
0.933,-115.000311358273,-8.45987209017306
0.9335,-131.574478880173,-8.82797449403317
0.934,-144.908846061374,-9.30332081545396
0.9345,-154.675076527664,-9.84327886052608
0.935,-160.632693272691,-10.4065720697068
0.9355,-162.635,-10.954015150892
0.936,-160.63269327269,-11.449224965029
0.9365,-154.675076527662,-11.8592866116674
0.937,-144.908846061375,-12.1553560077522
0.9375,-131.574478880165,-12.3131820363597
0.938,-115.000311358276,-12.3135335212555
0.9385,-95.5944545065818,-12.1425188064468
0.939,-73.8347449251371,-11.7917885269859
0.9395,-50.2569788801661,-11.2586151806594
0.94,-25.4417192218154,-10.5458462769175
0.9405,1.59457147242462e-12,4.30171943637847e-09
0.941,25.4417192218185,8.95290510714522
0.9415,50.2569788801692,8.41355562986374
0.942,73.8347449251399,8.20313759812405
0.9425,95.5944545065919,8.22855611462757
0.943,115.000311358272,8.44747203170561
0.9435,131.574478880172,8.81675583481352
0.944,144.908846061377,9.293170998908
0.9445,154.675076527663,9.83409605381746
0.945,160.63269327269,10.3982641420485
0.9455,162.635,10.9464987491967
0.946,160.63269327269,11.442424677625
0.9465,154.67507652766,11.8531342116889
0.947,144.908846061376,12.1497897686136
0.9475,131.574478880166,12.3081461124462
0.948,115.000311358271,12.3089773876164
0.9485,95.5944545065832,12.1383967518709
0.949,73.8347449251386,11.788059195372
0.9495,50.2569788801678,11.2552411560819
0.95,25.4417192218171,10.5427937082236
0.9505,1.58732338248475e-13,2.86509915158832e-09
0.951,-25.4417192218168,-8.95039722103933
0.9515,-50.2569788801763,-8.41128369019128
0.952,-73.8347449251383,-8.20108211571647
0.9525,-95.5944545065904,-8.22669646704137
0.953,-115.000311358277,-8.44578956124728
0.9535,-131.574478880171,-8.81523366134441
0.954,-144.908846061376,-9.29179385048491
0.9545,-154.675076527663,-9.83285011346978
0.955,-160.63269327269,-10.3971369091545
0.9555,-162.635,-10.9454789140682
0.956,-160.632693272691,-11.4415020080418
0.9565,-154.67507652766,-11.8522994502452
0.957,-144.908846061373,-12.1490345398455
0.9575,-131.574478880167,-12.3074628388086
0.958,-115.000311358272,-12.3083592134662
0.9585,-95.5944545065846,-12.1378374746938
0.959,-73.8347449251402,-11.7875532035621
0.9595,-50.2569788801695,-11.2547833726504
0.96,-25.4417192218188,-10.5423795398708
0.9605,-1.91203614892157e-12,7.94224955771196e-10
0.961,25.4417192218151,8.95005695402798
0.9615,50.2569788801658,8.41097543548524
0.962,73.834744925145,8.20080322870081
0.9625,95.5944545065815,8.22644414947852
0.963,115.000311358276,8.44556128152741
0.9635,131.57447888017,8.81502712908866
0.964,144.908846061375,9.29160699356732
0.9645,154.675076527662,9.83268105722751
0.965,160.63269327269,10.3969839575776
0.9655,162.635,10.9453405327807
0.966,160.632693272689,11.4413768089024
0.9665,154.675076527664,11.8521861774147
0.967,144.908846061374,12.1489320571796
0.9675,131.574478880168,12.3073701184515
0.968,115.000311358273,12.3082753255295
0.9685,95.5944545065861,12.1377615779175
0.969,73.8347449251417,11.7874845368649
0.9695,50.2569788801711,11.2547212474842
0.97,25.4417192218206,10.5423233333031
0.9705,3.66533995959466e-12,6.37158459230136e-09
0.971,-25.4417192218225,-8.95001077702349
0.9715,-50.256978880173,-8.41093360343854
0.972,-73.8347449251435,-8.2007653830638
0.9725,-95.5944545065876,-8.22640991071644
0.973,-115.000311358275,-8.44553030623625
0.9735,-131.574478880169,-8.81499910654697
0.974,-144.908846061375,-9.29158164261752
0.9745,-154.675076527662,-9.8326581234552
0.975,-160.632693272691,-10.3969632107608
0.9755,-162.635,-10.9453217645829
0.976,-160.63269327269,-11.4413598307873
0.9765,-154.675076527661,-11.85217081876
0.977,-144.908846061374,-12.1489181635724
0.9775,-131.574478880169,-12.3073575501469
0.978,-115.000311358274,-12.3082639560568
0.9785,-95.5944545065875,-12.1377512928211
0.979,-73.8347449251433,-11.7874752325651
0.9795,-50.2569788801728,-11.2547128302477
0.98,-25.4417192218132,-10.5423157183119
0.9805,3.82608565615976e-12,6.53232834742623e-09
0.981,25.4417192218207,8.9500045204054
0.9815,50.2569788801713,8.4109279348976
0.982,73.8347449251419,8.20076025367209
0.9825,95.5944545065862,8.22640526884142
0.983,115.000311358273,8.44552610519364
0.9835,131.574478880168,8.81499530413522
0.984,144.908846061378,9.29157820069562
0.9845,154.675076527661,9.83265500755984
0.985,160.632693272691,10.3969603897588
0.9855,162.635,10.9453192103558
0.986,160.63269327269,11.4413575179448
0.9865,154.675076527662,11.8521687243791
0.987,144.908846061375,12.1489162669607
0.9875,131.57447888017,12.307355832627
0.988,115.000311358269,12.3082624007704
0.9885,95.5944545065889,12.1377498845504
0.989,73.8347449251366,11.7874739575709
0.9895,50.2569788801657,11.2547116761218
0.99,25.4417192218149,10.5423146738431
0.9905,-2.07278184548667e-12,6.33459419991879e-10
0.991,-25.441719221819,-8.95000366270832
0.9915,-50.2569788801696,-8.41092715844936
0.992,-73.8347449251403,-8.20075955211329
0.9925,-95.5944545065848,-8.2264046353028
0.993,-115.000311358279,-8.44552553343138
0.9935,-131.574478880167,-8.81499478846544
0.994,-144.908846061377,-9.29157773593608
0.9945,-154.675076527663,-9.83265458897823
0.995,-160.632693272691,-10.3969600130269
0.9955,-162.635,-10.9453188715093
0.996,-160.63269327269,-11.4413572133479
0.9965,-154.675076527663,-11.852168450694
0.997,-144.908846061372,-12.1489160211211
0.9975,-131.574478880171,-12.3073556118151
0.998,-115.00031135827,-12.3082622023973
0.9985,-95.5944545065828,-12.1377497062394
0.999,-73.8347449251382,-11.787473797143
0.9995,-50.2569788801673,-11.2547115315837
1,-25.4417192218166,-10.5423145433766
